City,Lat,Lng,Max Temp,Humidity,Cloudiness,Wind Speed,Country,Date
Arlit,18.7369,7.3853,80.51,18,2,15.7,NE,1666815146
Butaritari,3.0707,172.7902,81.99,75,100,13.85,KI,1666815146
Taltal,-25.4,-70.4833,64.0,64,23,6.6,CL,1666815147
Marsh Harbour,26.5412,-77.0636,78.44,63,7,10.51,BS,1666815147
Atuona,-9.8,-139.0333,77.22,74,23,19.44,PF,1666815148
Ponta do Sol,32.6667,-17.1,74.01,80,65,5.41,PT,1666815148
Atlantic City,39.3643,-74.4229,68.18,88,100,10.36,US,1666814936
San Patricio,28.017,-97.5169,80.17,25,0,11.45,US,1666815149
Nanortalik,60.1432,-45.2371,34.83,95,100,4.43,GL,1666815149
Wuwei,37.9281,102.6414,46.02,58,2,1.41,CN,1666815150
Saint-Philippe,-21.3585,55.7679,71.19,86,95,14.7,RE,1666815150
Vaini,-21.2,-175.2,75.36,78,20,9.22,TO,1666815150
Mataura,-46.1927,168.8643,46.63,100,100,3.31,NZ,1666815151
Constitución,-35.3333,-72.4167,61.5,70,13,15.14,CL,1666814893
Westport,41.1415,-73.3579,75.09,85,100,4.61,US,1666814911
Carnarvon,-24.8667,113.6333,65.3,67,0,23.11,AU,1666815151
Vila,42.0304,-8.1588,58.69,76,100,6.31,PT,1666815152
Bluff,-46.6,168.3333,45.68,91,100,12.21,NZ,1666815152
Cape Town,-33.9258,18.4232,66.11,75,0,7.0,ZA,1666815081
Tuktoyaktuk,69.4541,-133.0374,11.68,88,69,17.69,CA,1666815153
Cabo San Lucas,22.8909,-109.9124,87.62,61,20,11.5,MX,1666815153
Kruisfontein,-34.0033,24.7314,63.88,91,0,9.1,ZA,1666815153
Wanaka,-44.7,169.15,50.11,92,100,2.55,NZ,1666814910
Macapá,0.0389,-51.0664,89.58,62,20,9.22,BR,1666815154
Heyang,26.1011,107.473,63.12,92,100,1.97,CN,1666815154
Belmonte,-15.8631,-38.8828,75.2,85,16,6.62,BR,1666815155
Thinadhoo,0.5333,72.9333,82.29,77,77,14.88,MV,1666815155
Nome,64.5011,-165.4064,30.27,60,0,14.97,US,1666815156
Plettenberg Bay,-34.0527,23.3716,60.51,89,1,4.18,ZA,1666815156
Umm Kaddadah,13.6017,26.6876,79.54,21,10,13.2,SD,1666815156
Rikitea,-23.1203,-134.9692,73.29,82,94,11.68,PF,1666815157
Yate,51.5407,-2.4184,59.05,90,100,5.01,GB,1666815157
Khandyga,62.6667,135.6,9.5,98,100,3.44,RU,1666815158
Arraial do Cabo,-22.9661,-42.0278,75.06,73,40,13.8,BR,1666815158
Nizwá,22.9333,57.5333,76.86,30,0,3.76,OM,1666815158
Roebourne,-20.7833,117.1333,72.7,46,0,4.97,AU,1666815159
Nur-Sultan,51.1801,71.446,33.75,93,75,17.9,KZ,1666814954
Esperance,-33.8667,121.9,56.79,60,98,9.98,AU,1666815159
Fairbanks,64.8378,-147.7164,19.81,71,0,10.36,US,1666815005
Sørland,67.667,12.6934,42.66,57,81,3.58,NO,1666815160
Lebu,-37.6167,-73.65,57.11,72,8,10.13,CL,1666815160
Cap Malheureux,-19.9842,57.6142,73.47,71,1,5.01,MU,1666815160
Kendari,-3.945,122.4989,74.97,94,95,3.24,ID,1666815161
Tiksi,71.6872,128.8694,-0.09,98,60,5.59,RU,1666815161
Port Blair,11.6667,92.75,79.56,85,100,7.65,IN,1666814915
Mar del Plata,-38.0023,-57.5575,62.62,96,75,3.44,AR,1666815162
Barrow,71.2906,-156.7887,19.42,86,100,5.75,US,1666815162
Punta Arenas,-53.15,-70.9167,51.91,54,40,33.38,CL,1666815162
Salalah,17.0151,54.0924,77.09,57,0,4.61,OM,1666815163
Borba,-4.3878,-59.5939,91.81,49,98,1.57,BR,1666815223
Karabulak,43.3036,44.8964,43.79,92,100,1.83,RU,1666815224
Khani,41.9563,42.9566,40.57,72,100,4.36,GE,1666815224
Hilo,19.7297,-155.09,84.11,72,40,8.05,US,1666815224
Albany,42.6001,-73.9662,74.34,71,5,4.0,US,1666815067
Alofi,-19.0595,-169.9187,76.89,78,75,6.91,NU,1666815225
Cockburn Town,21.4612,-71.1419,82.36,61,40,5.75,TC,1666815225
Coahuayana Viejo,18.7333,-103.6833,86.5,66,70,5.88,MX,1666815226
Yulara,-25.2406,130.9889,62.04,54,0,10.98,AU,1666815226
Havre-St-Pierre,50.2334,-63.5986,54.01,94,67,3.11,CA,1666815226
Punta Alta,-38.8759,-62.0736,63.37,72,40,10.36,AR,1666815227
Qaanaaq,77.484,-69.3632,2.39,82,94,8.9,GL,1666815227
Busselton,-33.65,115.3333,46.09,75,22,8.88,AU,1666815228
Tuatapere,-46.1333,167.6833,47.46,98,100,4.74,NZ,1666815228
Ushuaia,-54.8,-68.3,55.06,38,20,14.97,AR,1666815096
Inverness,57.4791,-4.224,53.83,71,20,16.11,GB,1666815229
Puerto Ayora,-0.7393,-90.3518,71.56,88,78,5.01,EC,1666815229
East London,-33.0153,27.9116,65.98,85,98,14.14,ZA,1666815230
Thompson,55.7435,-97.8558,30.31,68,81,4.36,CA,1666815230
Srandakan,-7.9386,110.2506,75.49,86,100,6.42,ID,1666815231
Yenagoa,4.9247,6.2642,77.41,91,100,4.0,NG,1666815231
Diamantino,-14.4086,-56.4461,92.59,40,72,9.95,BR,1666815231
Hobart,-42.8794,147.3294,55.26,98,75,8.05,AU,1666815232
Saldanha,-33.0117,17.9442,60.39,92,0,9.78,ZA,1666815232
Presidente Epitácio,-21.7633,-52.1156,91.99,32,0,3.96,BR,1666815233
Broken Hill,-31.95,141.4333,53.37,78,0,12.57,AU,1666815233
Kavieng,-2.5744,150.7967,82.2,74,100,5.01,PG,1666815233
Brae,60.3964,-1.353,55.71,75,19,20.94,GB,1666815234
Kushikino,31.7167,130.2667,62.08,69,100,5.99,JP,1666815234
Pangnirtung,66.1451,-65.7125,25.61,92,100,11.74,CA,1666815234
Tokur,53.1333,132.9,21.47,88,96,5.19,RU,1666815235
Mahébourg,-20.4081,57.7,73.26,75,15,11.63,MU,1666815235
Port Alfred,-33.5906,26.891,64.18,95,100,4.0,ZA,1666815236
Torbay,47.6666,-52.7314,62.76,90,57,8.99,CA,1666815236
Yatou,37.15,122.3833,51.26,70,19,4.81,CN,1666815237
Port Elizabeth,-33.918,25.5701,66.09,93,44,3.0,ZA,1666815238
Rapid Valley,44.0625,-103.1463,58.77,32,0,21.85,US,1666815238
Porto-Novo,6.4965,2.6036,79.12,84,99,4.83,BJ,1666815149
Hermanus,-34.4187,19.2345,61.81,87,1,8.93,ZA,1666815239
Thunder Bay,48.4001,-89.3168,42.37,46,6,11.41,CA,1666815079
Jamestown,42.097,-79.2353,57.02,95,100,8.05,US,1666815240
Mombetsu,44.3525,143.3525,38.89,68,0,6.44,JP,1666815241
Klaksvík,62.2266,-6.589,52.72,97,100,16.58,FO,1666815301
Sungai Raya,0.7,108.9,77.47,89,100,1.83,ID,1666815302
Dunedin,-45.8742,170.5036,46.8,93,100,5.59,NZ,1666815281
Wawa,9.9022,4.4192,80.26,57,71,1.01,NG,1666815303
Saskylakh,71.9167,114.0833,11.62,96,100,4.07,RU,1666815303
Sydney,-33.8679,151.2073,67.3,66,0,11.5,AU,1666815304
Geraldton,-28.7667,114.6,54.01,82,0,10.36,AU,1666815249
Laguna,38.421,-121.4238,72.28,36,0,14.97,US,1666815304
Coyhaique,-45.5752,-72.0662,54.21,43,75,13.8,CL,1666815305
Lata,40.1629,-8.3327,67.08,75,100,5.7,PT,1666815305
Souillac,-20.5167,57.5167,71.56,78,31,10.04,MU,1666815306
Khatanga,71.9667,102.5,0.61,95,98,9.82,RU,1666815306
Tasiilaq,65.6145,-37.6368,30.36,97,82,3.24,GL,1666815307
Yumen,40.2833,97.2,40.44,45,22,5.66,CN,1666815307
Kapaa,22.0752,-159.319,80.92,83,75,18.41,US,1666815308
Dikson,73.5069,80.5464,26.19,65,100,7.05,RU,1666815308
Lesogorskiy,61.0455,28.9294,47.23,95,100,4.23,RU,1666815309
Avarua,-21.2078,-159.775,75.25,69,40,5.75,CK,1666815309
Garoowe,8.4054,48.4845,76.46,75,81,15.57,SO,1666815309
Kisangani,0.5167,25.2,71.17,98,100,2.1,CD,1666815310
Touros,-5.1989,-35.4608,79.56,71,95,12.57,BR,1666815311
Sulangan,11.1373,123.7228,82.71,77,100,6.44,PH,1666815311
Malanje,-9.5402,16.341,66.94,91,75,4.85,AO,1666815311
Yar-Sale,66.8333,70.8333,28.4,84,100,16.78,RU,1666815312
Susaki,33.3667,133.2833,56.91,59,100,4.21,JP,1666815313
Longyearbyen,78.2186,15.6401,13.84,73,20,11.5,SJ,1666815313
Diffa,13.3154,12.6113,80.56,17,8,6.82,NE,1666815314
Castro,-24.7911,-50.0119,73.33,51,0,5.28,BR,1666815314
Talnakh,69.4865,88.3972,4.08,97,100,5.95,RU,1666815315
Ribeira Grande,38.5167,-28.7,61.2,67,75,11.5,PT,1666815315
Buchanan,5.8808,-10.0467,78.13,88,96,6.31,LR,1666815316
Norman Wells,65.282,-126.8329,21.34,79,77,11.97,CA,1666815316
Laibin,23.7,109.2667,75.81,65,99,6.96,CN,1666815317
General Roca,-39.0333,-67.5833,75.61,12,0,29.17,AR,1666815318
Kumul,42.8,93.45,49.77,38,98,5.64,CN,1666815318
Bikin,46.8161,134.26,45.32,95,100,5.46,RU,1666815319
Río Gallegos,-51.6226,-69.2181,60.96,29,100,19.42,AR,1666815320
Inírida,3.8653,-67.9239,88.88,57,54,2.06,CO,1666815320
Sidi Ali,36.0998,0.4206,74.21,42,100,4.81,DZ,1666815321
Farafangana,-22.8167,47.8333,72.68,89,100,10.6,MG,1666815321
Kyabé,9.4515,18.9449,76.75,48,63,3.2,TD,1666815322
Bredasdorp,-34.5322,20.0403,58.82,92,5,7.2,ZA,1666815322
Manaure,11.7751,-72.4445,83.39,71,39,10.94,CO,1666815323
Aykhal,66.0,111.5,20.84,89,94,24.27,RU,1666815323
Belyy Yar,53.6039,91.3903,21.09,86,53,2.24,RU,1666815385
New Norfolk,-42.7826,147.0587,54.91,86,100,2.91,AU,1666815385
Berlevåg,70.8578,29.0864,37.35,65,100,5.75,NO,1666815387
West Bay,19.3667,-81.4167,86.07,68,40,10.36,KY,1666815387
Beloha,-25.1667,45.05,69.91,92,1,3.36,MG,1666815387
Lufilufi,-13.8745,-171.5986,74.98,88,100,16.89,WS,1666815388
Springdale,36.1867,-94.1288,68.05,40,0,6.91,US,1666815319
Nikolskoye,59.7035,30.7861,48.09,97,100,5.26,RU,1666815388
Upernavik,72.7868,-56.1549,15.85,82,96,5.14,GL,1666815389
Abu Kamal,34.4506,40.9171,70.16,39,5,7.2,SY,1666815389
Cidreira,-30.1811,-50.2056,71.08,80,76,16.46,BR,1666815389
Eravur,7.7733,81.6095,79.61,67,87,4.25,LK,1666815390
Airai,-8.9266,125.4092,61.59,88,100,1.32,TL,1666815390
Davila,18.4726,120.5763,77.49,78,100,19.51,PH,1666815391
Fortuna,40.5982,-124.1573,60.93,65,0,9.22,US,1666815391
Port Lincoln,-34.7333,135.8667,56.3,73,100,16.42,AU,1666815317
Akdepe,42.0551,59.3788,44.69,72,8,5.23,TM,1666815391
Sobolevo,54.4299,31.8996,44.51,96,100,3.65,RU,1666815392
Uíge,-7.6087,15.0613,68.54,96,70,2.28,AO,1666815392
Bereda,43.2686,-7.5406,59.23,93,100,3.85,ES,1666815393
Rognan,67.0953,15.3878,41.88,99,100,1.41,NO,1666815393
Acaraú,-2.8856,-40.12,81.41,67,95,17.92,BR,1666815393
Arcata,40.8665,-124.0828,61.2,81,100,5.99,US,1666815347
Riyadh,24.6877,46.7219,73.54,19,18,8.72,SA,1666815177
Picota,-6.9197,-76.3304,95.49,44,83,4.56,PE,1666815394
Petauke,-14.2426,31.3253,79.95,34,12,6.89,ZM,1666815394
Mizdah,31.4451,12.9801,65.62,40,6,4.07,LY,1666815395
Chokurdakh,70.6333,147.9167,14.34,95,100,8.46,RU,1666815395
Saint-Augustin,51.226,-58.6502,60.6,78,100,9.19,CA,1666815396
Ust-Nera,64.5667,143.2,4.71,99,90,5.55,RU,1666815396
Sisimiut,66.9395,-53.6735,28.62,73,98,11.63,GL,1666815396
Saint George,37.1041,-113.5841,65.79,29,0,4.61,US,1666815108
Kaitangata,-46.2817,169.8464,44.49,95,100,4.81,NZ,1666815397
Wencheng,33.0559,113.7978,51.76,91,90,5.5,CN,1666815397
Labuhan,-6.8844,112.2051,77.54,83,100,12.37,ID,1666815398
Vestnes,62.6264,7.0884,49.91,87,40,8.05,NO,1666815253
Vila Franca do Campo,37.7167,-25.4333,62.2,82,100,23.49,PT,1666815398
Papara,-3.9839,-38.7273,81.0,57,100,8.25,BR,1666815399
Dingle,10.9995,122.6711,76.19,93,100,5.95,PH,1666815399
Bethel,41.3712,-73.414,74.25,72,0,6.91,US,1666815399
Clyde River,70.4692,-68.5914,16.03,86,100,14.97,CA,1666815124
Mahibadhoo,3.7833,72.9667,80.85,80,6,9.46,MV,1666815400
Kamaishi,39.2667,141.8833,45.07,70,0,5.14,JP,1666815400
Beausejour,50.0622,-96.5167,35.37,51,92,5.37,CA,1666815401
Barra do Bugres,-15.0725,-57.1811,98.83,29,76,7.38,BR,1666815401
Churhat,24.428,81.6703,67.1,55,0,2.44,IN,1666815401
Ubari,26.5921,12.7805,70.77,22,0,7.94,LY,1666815402
Arrondissement de Vannes,47.8333,-2.5,57.81,93,99,6.51,FR,1666815462
Maan,5.9339,124.7356,78.24,85,100,7.09,PH,1666815462
Guerrero Negro,27.9769,-114.0611,73.24,50,74,13.65,MX,1666815463
Bilibino,68.0546,166.4372,2.39,99,99,1.52,RU,1666815463
Winslow,35.0242,-110.6974,66.38,20,0,8.05,US,1666815464
Vestmannaeyjar,63.4427,-20.2734,44.46,83,72,3.06,IS,1666815464
Yellowknife,62.456,-114.3525,27.12,93,100,2.3,CA,1666815464
Henties Bay,-22.116,14.2845,59.56,87,12,5.26,NA,1666815465
Cutervo,-6.379,-78.8157,66.97,51,58,4.74,PE,1666815465
Kresttsy,58.2452,32.5165,46.8,97,100,6.82,RU,1666815465
Maţāy,28.419,30.7792,74.57,53,2,5.99,EG,1666815466
Aksarka,66.5606,67.7975,28.26,83,100,15.43,RU,1666815466
Severo-Kuril'sk,50.6789,156.125,37.81,79,87,2.68,RU,1666815467
Bambous Virieux,-20.3428,57.7575,73.22,78,40,9.22,MU,1666815467
Japura,-0.3167,102.35,73.85,98,100,2.62,ID,1666815467
Orodara,10.9492,-4.9342,82.08,45,100,2.57,BF,1666815468
Los Llanos de Aridane,28.6585,-17.9182,67.75,87,20,6.91,ES,1666815468
Puerto del Rosario,28.5004,-13.8627,74.95,78,0,8.05,ES,1666815468
Beringovskiy,63.05,179.3167,26.31,72,85,12.41,RU,1666815469
Naze,28.3667,129.4833,72.52,62,97,17.6,JP,1666815469
Kavarna,43.4333,28.3333,57.58,92,85,6.53,BG,1666815469
Abu Samrah,35.3029,37.1841,68.77,44,32,7.85,SY,1666815470
Saint Paul Harbor,57.79,-152.4072,40.51,65,100,24.16,US,1666815470
Hvolsvollur,63.7533,-20.2243,40.21,83,23,5.48,IS,1666815471
Pevek,69.7008,170.3133,-5.84,99,64,4.65,RU,1666815471
Nishihara,26.1842,127.7558,74.48,65,75,8.05,JP,1666815471
Nelson Bay,-32.7167,152.15,66.25,90,29,4.0,AU,1666815472
Hithadhoo,-0.6,73.0833,82.36,75,100,10.8,MV,1666815473
Mossamedes,-15.1961,12.1522,68.22,76,16,10.8,AO,1666815474
Tautira,-17.7333,-149.15,74.95,78,100,17.47,PF,1666815474
George Town,5.4112,100.3354,78.73,92,20,2.3,MY,1666815317
Kununurra,-15.7667,128.7333,80.58,83,99,0.0,AU,1666815474
Senno,59.5336,33.9167,42.26,98,100,6.6,RU,1666815475
Lorengau,-2.0226,147.2712,80.55,77,47,3.36,PG,1666815476
Cherskiy,68.75,161.3,2.14,98,96,4.14,RU,1666815477
Kaifeng,34.7911,114.3483,52.34,75,25,6.08,CN,1666815477
Hong Kong,22.2855,114.1577,74.32,82,24,10.0,HK,1666815336
Lompoc,34.6391,-120.4579,75.02,59,0,18.41,US,1666815238
Caravelas,-17.7125,-39.2481,76.19,75,28,6.73,BR,1666815478
Mareeba,-17.0,145.4333,73.44,97,25,1.81,AU,1666815478
Kupang,-10.1667,123.5833,79.65,82,73,1.61,ID,1666815478
Kichera,55.9375,110.0997,21.94,75,79,6.06,RU,1666815479
Provideniya,64.3833,-173.3,18.1,90,36,6.64,RU,1666815479
Najrān,17.4924,44.1277,66.85,26,0,1.28,SA,1666815479
Ouango,4.3133,22.5552,71.6,94,13,2.68,CF,1666815480
Grafton,42.207,-71.6856,68.92,91,100,4.61,US,1666815480
Isangel,-19.55,169.2667,78.91,73,10,8.05,VU,1666815480
Kandete,-9.15,33.8,64.72,58,14,1.74,TZ,1666815481
Zhangye,38.9342,100.4517,46.0,39,3,5.14,CN,1666815481
Gizo Government Station,-8.103,156.8419,82.35,70,93,3.33,SB,1666815542
Pisco,-13.7,-76.2167,68.05,64,0,12.66,PE,1666815367
Vila Velha,-20.3297,-40.2925,76.95,85,75,8.05,BR,1666815543
Kavaratti,10.5669,72.642,81.84,56,7,6.15,IN,1666815543
Hasaki,35.7333,140.8333,47.21,55,3,8.95,JP,1666815544
Moranbah,-22.0016,148.0466,73.72,77,100,10.94,AU,1666815544
Dudinka,69.4058,86.1778,6.82,97,100,6.64,RU,1666815545
Marck,50.949,1.9433,61.03,87,59,8.9,FR,1666815335
Tocopilla,-22.092,-70.1979,66.31,63,21,11.07,CL,1666815545
Husavik,66.0449,-17.3389,37.76,94,100,5.59,IS,1666815546
Wahiawā,21.5028,-158.0236,78.87,80,100,0.0,US,1666815546
Ginda,30.6945,78.4932,51.01,40,0,6.42,IN,1666815547
Angoram,-4.0625,144.0661,73.36,96,100,1.39,PG,1666815547
Mananara,-16.1667,49.7667,68.85,90,66,2.1,MG,1666815548
Sesheke,-17.4759,24.2968,76.77,42,77,3.04,ZM,1666815548
Sherpur,25.0188,90.0175,67.8,88,0,2.21,BD,1666815549
Nsanje,-16.92,35.262,88.61,34,80,5.59,MW,1666815549
Alta Floresta,-9.8756,-56.0861,84.02,74,40,3.44,BR,1666815550
Kudahuvadhoo,2.6708,72.8944,80.6,81,4,9.84,MV,1666815550
Muromtsevo,56.3724,75.2418,33.12,89,100,8.14,RU,1666815551
Olafsvik,64.8945,-23.7142,43.81,77,79,8.16,IS,1666815551
Leningradskiy,69.3833,178.4167,-1.79,95,38,6.82,RU,1666815551
Sitka,57.0531,-135.33,51.69,82,100,19.57,US,1666815552
Gravdal,68.1214,13.5031,35.49,93,75,4.0,NO,1666815552
Poum,-20.2333,164.0167,76.19,78,3,11.34,NC,1666815553
Hamilton,39.1834,-84.5333,53.01,83,100,14.97,US,1666815553
Yablonovo,50.8523,37.3574,49.82,99,100,3.44,RU,1666815554
Lethem,3.3803,-59.7968,85.19,66,88,2.86,GY,1666815554
Champerico,14.3,-91.9167,91.94,72,27,7.76,GT,1666815554
Yermekeyevo,54.0761,53.6712,30.0,78,16,2.04,RU,1666815555
Ajdabiya,30.7554,20.2263,70.18,70,0,9.62,LY,1666815555
Knysna,-34.0363,23.0471,60.64,91,0,3.89,ZA,1666815556
Mount Gambier,-37.8333,140.7667,55.31,100,100,8.05,AU,1666815556
Salinópolis,-0.6136,-47.3561,81.52,71,100,12.84,BR,1666815556
Coos Bay,43.3665,-124.2179,58.23,86,20,5.75,US,1666815557
Tanout,14.9709,8.8879,80.62,14,47,9.6,NE,1666815557
Kishtwār,33.3167,75.7667,49.15,46,0,5.64,IN,1666815558
Road Town,18.4167,-64.6167,78.89,100,40,2.3,VG,1666815382
Nageshwari,25.9377,89.7148,70.57,77,0,1.97,BD,1666815559
São Filipe,14.8961,-24.4956,79.48,76,100,8.55,CV,1666815559
Narsaq,60.9167,-46.05,30.42,97,100,8.23,GL,1666815559
Gaziantep,37.0594,37.3825,60.73,51,75,8.05,TR,1666815560
Sławno,54.3628,16.6789,52.25,87,100,5.97,PL,1666815561
Orbetello,42.4408,11.2196,62.62,82,48,4.14,IT,1666815561
Tervel Municipality,43.75,27.4,55.24,64,76,2.1,BG,1666815562
Parker,32.7668,-97.8003,73.85,35,0,5.01,US,1666815622
Rawson,-43.3002,-65.1023,64.4,43,12,11.72,AR,1666815623
Bengkulu,-3.8004,102.2655,74.12,92,100,5.32,ID,1666815614
Chak Thirty-one -Eleven Left,30.4333,72.7,73.76,24,0,3.04,PK,1666815624
Alice Springs,-23.7,133.8833,63.95,55,5,9.22,AU,1666815624
Derzhavīnsk,51.1,66.3167,32.25,95,100,24.79,KZ,1666815625
Stornoway,58.2093,-6.3865,53.92,79,100,32.21,GB,1666815625
Merritt Island,28.5392,-80.672,89.04,50,0,6.91,US,1666815626
Kenai,60.5544,-151.2583,31.14,97,100,0.0,US,1666815417
San Cristobal,7.7669,-72.225,75.38,55,72,2.13,VE,1666815626
Faanui,-16.4833,-151.75,75.2,89,100,20.89,PF,1666815627
Thohoyandou,-22.9456,30.485,71.26,79,100,12.86,ZA,1666815627
Codrington,-38.2667,141.9667,55.85,97,100,7.85,AU,1666815628
Oxbow,49.2333,-102.1676,36.64,87,13,4.43,CA,1666815550
Atar,20.5169,-13.0499,86.85,10,49,6.96,MR,1666815628
Grindavik,63.8424,-22.4338,41.47,93,0,6.91,IS,1666815630
Bartoszyce,54.2535,20.8082,50.04,89,100,7.34,PL,1666815630
Oddur,4.1213,43.8894,76.21,74,36,11.7,SO,1666815631
Atbasar,51.8,68.3333,33.66,97,100,17.58,KZ,1666815631
Gobabis,-22.45,18.9667,76.71,36,82,8.79,NA,1666815632
Carauari,-4.8828,-66.8958,88.74,61,100,3.09,BR,1666815632
Korem,12.5058,39.5228,56.8,70,30,5.17,ET,1666815632
Petropavlovsk-Kamchatskiy,53.0452,158.6483,32.59,80,75,2.24,RU,1666815633
Guánica,17.9716,-66.908,84.97,85,100,1.66,PR,1666815634
Kahului,20.8947,-156.47,79.84,89,40,11.5,US,1666815634
Zhigansk,66.7697,123.3711,23.27,95,100,21.94,RU,1666815635
Zeya,53.75,127.2667,26.6,63,0,4.34,RU,1666815635
Campoverde,-8.4753,-74.8058,94.69,38,99,3.78,PE,1666815636
Petersburg,37.2279,-77.4019,67.6,81,100,4.61,US,1666815636
Ixtapa,20.7,-105.2,86.23,66,20,8.05,MX,1666815518
Buala,-8.145,159.5921,79.7,80,57,2.64,SB,1666815637
Lagoa,39.05,-27.9833,60.69,61,100,25.86,PT,1666815637
Iqaluit,63.7506,-68.5145,33.53,93,75,20.71,CA,1666815638
Luwuk,-0.9516,122.7875,77.85,82,100,2.01,ID,1666815638
Sherlovaya Gora,50.5667,116.25,22.3,49,0,3.98,RU,1666815638
Jiaojiang,28.6803,121.4428,64.99,87,100,4.88,CN,1666815639
Qiyang,26.5911,111.8474,64.78,58,100,8.03,CN,1666815639
Samdrup Jongkhar District,26.9167,91.6167,61.23,95,51,2.37,BT,1666815640
Port Macquarie,-31.4333,152.9167,64.18,73,6,5.64,AU,1666815445
Mahajanga,-15.7167,46.3167,77.02,94,40,10.36,MG,1666815640
Whitehorse,60.7161,-135.0538,34.11,78,75,17.27,CA,1666815491
Boa Vista,2.8197,-60.6733,76.98,88,75,4.61,BR,1666815641
Burnie,-41.0667,145.9167,57.94,98,100,5.97,AU,1666815641
Hoopstad,-27.8327,25.9083,75.61,19,94,5.88,ZA,1666815642
Melivoia,39.75,22.8,61.18,60,1,2.82,GR,1666815642
Ghanzi,-21.5667,21.7833,78.37,43,94,3.53,BW,1666815702
Camopi,3.1655,-52.3158,81.18,72,100,3.65,GF,1666815703
Druzhba,52.0428,33.9453,42.48,93,100,7.81,UA,1666815703
Vyborg,60.7076,28.7528,47.53,98,100,4.45,RU,1666815668
Doka,13.5167,35.7667,74.97,62,100,10.76,SD,1666815704
Bandarbeyla,9.4942,50.8122,78.6,86,28,7.81,SO,1666815704
Haines Junction,60.7522,-137.5108,24.75,93,100,0.0,CA,1666815705
Vysoké Mýto,49.9532,16.1617,54.9,85,62,1.86,CZ,1666815705
Vardø,70.3705,31.1107,35.82,70,100,14.03,NO,1666815705
Mumbai,19.0144,72.8479,80.58,50,0,0.0,IN,1666815662
Mint Hill,35.1796,-80.6473,71.74,69,20,6.91,US,1666815455
Māngrol,21.1167,70.1167,77.81,66,2,5.91,IN,1666815706
Pushkinskiye Gory,57.0209,28.9103,48.31,97,100,5.48,RU,1666815706
Tigil',57.8,158.6667,31.89,99,100,3.62,RU,1666815707
Okoneshnikovo,54.8377,75.0834,31.15,92,100,6.93,RU,1666815707
Anadyr,64.75,177.4833,16.3,78,75,15.66,RU,1666815708
San Quintín,30.4833,-115.95,69.82,64,0,14.52,MX,1666815708
Juneau,58.3019,-134.4197,42.8,94,100,19.57,US,1666815708
Ola,59.5833,151.2833,19.78,81,66,8.05,RU,1666815709
Goderich,43.7501,-81.7165,49.91,100,100,25.32,CA,1666815709
São João da Barra,-21.6403,-41.0511,77.09,78,30,13.04,BR,1666815709
Corvallis,44.5646,-123.262,57.72,79,100,4.61,US,1666815471
Lavrentiya,65.5833,-171.0,23.76,76,3,6.89,RU,1666815711
Lázaro Cárdenas,17.9583,-102.2,84.54,71,59,8.72,MX,1666815711
Half Moon Bay,37.4636,-122.4286,70.92,58,0,14.97,US,1666815712
Hambantota,6.1241,81.1185,75.83,80,93,12.12,LK,1666815712
Ayan,56.45,138.1667,31.68,60,5,10.85,RU,1666815712
Katsuura,35.1333,140.3,55.81,66,0,8.41,JP,1666815713
Cadiz,36.5,-5.75,78.22,37,100,11.05,ES,1666815713
Turaif,31.6725,38.6637,64.65,52,40,9.22,SA,1666815713
Ostrovnoy,68.0531,39.5131,32.38,95,100,13.31,RU,1666815714
Sayyan,15.1718,44.3244,55.09,29,3,4.81,YE,1666815714
Ambrolauri,42.5211,43.1622,51.01,71,100,3.06,GE,1666815715
Monte Alegre,-2.0078,-54.0692,87.03,55,100,5.1,BR,1666815560
Seoul,37.5683,126.9778,49.44,100,47,3.44,KR,1666815609
Hofn,64.2539,-15.2082,42.46,85,100,15.12,IS,1666815715
Ancud,-41.8697,-73.8203,52.83,74,19,11.68,CL,1666815716
Vangaindrano,-23.35,47.6,70.99,94,76,6.87,MG,1666815716
Ilhéus,-14.7889,-39.0494,78.62,89,75,12.66,BR,1666815716
Raudeberg,61.9875,5.1352,51.87,58,100,12.41,NO,1666815717
Omboué,-1.5746,9.2618,77.68,92,99,4.63,GA,1666815717
Altay,47.8667,88.1167,40.57,54,100,2.53,CN,1666815717
San Jerónimo,-11.9472,-75.2829,67.06,43,39,7.49,PE,1666815718
Mundo Nuevo (Ojo de Agua),18.7,-95.5,79.18,77,42,10.09,MX,1666815718
Fuxin,42.0156,121.6589,38.23,40,0,6.22,CN,1666815719
Santa Marta,11.2408,-74.199,82.49,76,100,8.28,CO,1666815719
Selenginsk,52.0064,106.8647,18.01,49,0,8.43,RU,1666815719
Al Bardīyah,31.7561,25.0865,70.57,78,0,5.61,LY,1666815780
Kemijärvi,66.7131,27.4306,28.74,94,91,3.85,FI,1666815781
Ol'ga,43.7444,135.2892,43.34,81,100,4.34,RU,1666815781
Ipixuna,-1.7625,-48.8043,84.0,66,100,0.89,BR,1666815781
Padang,-0.9492,100.3543,75.56,91,100,2.26,ID,1666815610
College,64.8569,-147.8028,19.35,74,75,10.36,US,1666815782
Kungurtug,50.5994,97.5228,18.59,74,45,1.57,RU,1666815729
Rio Verde de Mato Grosso,-18.9181,-54.8442,92.93,33,49,6.17,BR,1666815783
Calvinia,-31.4707,19.776,66.2,26,3,2.21,ZA,1666815783
Pryazha,61.6926,33.6216,34.83,99,100,5.5,RU,1666815784
Port Shepstone,-30.7414,30.455,68.25,76,100,4.65,ZA,1666815784
Trelew,-43.249,-65.3051,73.67,19,4,13.2,AR,1666815785
Governador Valadares,-18.8511,-41.9494,82.4,52,51,5.28,BR,1666815594
Miracema do Tocantins,-9.5618,-48.3967,84.42,57,57,4.47,BR,1666815785
Neiafu,-18.65,-173.9833,75.88,83,75,2.3,TO,1666815786
Rāvar,31.2656,56.8055,67.21,28,4,3.04,IR,1666815786
Minna,9.6139,6.5569,82.11,78,0,3.44,NG,1666815698
Makakilo City,21.3469,-158.0858,80.69,79,75,13.8,US,1666815808
San Ramon,37.7799,-121.978,69.33,48,0,12.66,US,1666815761
São José da Coroa Grande,-8.8978,-35.1478,78.82,74,90,11.95,BR,1666815809
Kokkola,63.8385,23.1307,41.94,94,100,1.14,FI,1666815809
Xining,36.6167,101.7667,43.38,79,64,1.79,CN,1666815651
Shelburne,44.0787,-80.2041,55.24,96,100,14.0,CA,1666815610
Valdivia,-39.8142,-73.2459,62.69,57,8,7.25,CL,1666815810
Rassvet,46.8333,40.75,51.89,67,100,16.42,RU,1666815810
Ndélé,8.4109,20.6473,76.37,56,93,3.65,CF,1666815811
Paamiut,61.994,-49.6678,35.38,91,100,23.55,GL,1666815811
Helong,42.5397,128.9972,38.86,84,53,5.39,CN,1666815811
Kaeo,-35.1,173.7833,65.32,84,100,4.74,NZ,1666815812
Tura,25.5198,90.2201,65.25,81,1,2.19,IN,1666815812
Palāsa,18.7667,84.4167,75.04,77,68,2.75,IN,1666815812
Atikokan,48.7555,-91.6216,39.36,48,98,9.31,CA,1666815813
High Rock,26.6208,-78.2833,78.82,56,0,8.14,BS,1666815813
Novikovo,51.1537,37.8879,49.24,95,100,12.12,RU,1666815814
Zaria,11.1113,7.7227,74.91,32,3,7.72,NG,1666815814
Sabak,3.7675,100.9875,74.17,97,100,4.03,MY,1666815814
Margate,51.3813,1.3862,62.91,90,76,1.01,GB,1666815815
Bedēsa,8.9,40.7833,65.95,70,85,2.57,ET,1666815815
Shuiji,27.4214,118.345,59.49,81,8,2.01,CN,1666815815
Visnes,59.3556,5.2242,56.21,94,100,19.57,NO,1666815816
San Miguel de Tucumán,-26.8241,-65.2226,89.6,19,0,10.36,AR,1666815816
Morondava,-20.2833,44.2833,78.31,81,0,7.94,MG,1666815817
Pitimbu,-7.4706,-34.8086,82.99,71,66,9.51,BR,1666815817
Sovetskiy,61.3614,63.5842,27.18,80,6,4.76,RU,1666815818
Bosobolo,4.1833,19.9,72.1,95,60,2.91,CD,1666815818
Taitung City,22.7583,121.1444,72.46,78,74,7.49,TW,1666815818
Hobyo,5.3505,48.5268,79.56,81,26,9.82,SO,1666815819
Aytos,42.7,27.25,58.42,78,99,2.26,BG,1666815879
Namie,37.4833,141.0,46.98,73,0,5.21,JP,1666815880
Mobaye,4.319,21.1786,71.89,95,94,1.97,CF,1666815880
Lashio,22.9333,97.75,64.87,99,95,0.63,MM,1666815881
Ngunguru,-35.6167,174.5,60.06,71,100,7.74,NZ,1666815881
Kashan,33.9831,51.4364,62.19,33,0,0.0,IR,1666815881
Tonantins,-2.8731,-67.8022,85.05,70,100,1.57,BR,1666815882
Puerto Palomas,31.7667,-107.6167,70.54,24,0,9.33,MX,1666815883
Mandera,3.9366,41.867,84.69,56,60,12.46,KE,1666815883
Umluj,25.0213,37.2685,79.18,63,66,11.45,SA,1666815885
Victoria Point,-27.5833,153.3,71.91,86,42,1.99,AU,1666815885
Vostok,46.4856,135.8833,37.29,85,100,4.52,RU,1666815886
Aljezur,37.3191,-8.8033,67.64,88,100,4.45,PT,1666815886
Osypenko,46.9136,36.8253,55.33,85,97,10.98,UA,1666815886
Zyryanka,65.75,150.85,18.01,87,100,8.1,RU,1666815887
Merauke,-8.4667,140.3333,79.77,80,91,6.67,ID,1666815887
Rock Sound,24.9,-76.2,79.34,70,7,7.65,BS,1666815888
Okahandja,-21.9833,16.9167,80.11,18,0,9.1,NA,1666815888
Le Creusot,46.8071,4.4163,58.68,88,16,3.76,FR,1666815888
White Oak,39.2131,-84.5994,52.11,81,100,14.97,US,1666815889
Sackville,45.9188,-64.3846,66.78,85,77,5.66,CA,1666815753
Pacific Grove,36.6177,-121.9166,69.21,62,0,10.36,US,1666815889
Saint-François,46.4154,3.9054,60.24,82,0,2.3,FR,1666815890
Krasne,49.9145,24.6134,48.72,90,2,4.36,UA,1666815890
Akhmīm,26.5622,31.745,74.21,48,0,7.47,EG,1666815890
Mayskiy,47.6931,40.1025,51.21,85,100,15.9,RU,1666815891
Tsiroanomandidy,-18.7667,46.0333,72.81,67,100,5.95,MG,1666815891
Bell Ville,-32.6259,-62.6887,78.67,25,0,16.64,AR,1666815891
Verkhnevilyuysk,63.4453,120.3167,28.6,92,100,9.62,RU,1666815892
Chapais,49.7834,-74.8492,65.98,68,98,11.18,CA,1666815892
Biak,-0.9131,122.8766,76.44,81,100,1.48,ID,1666815892
Itarema,-2.9248,-39.9167,80.87,68,97,16.11,BR,1666815893
Balabac,7.9868,117.0645,80.33,82,100,4.9,PH,1666815893
Olenegorsk,68.15,33.3,27.72,98,100,1.74,RU,1666815894
Port Hardy,50.6996,-127.4199,46.58,93,100,8.05,CA,1666815894
Belitsa,41.9569,23.5725,52.52,68,15,3.2,BG,1666815894
Jalu,29.0331,21.5482,71.64,44,2,5.88,LY,1666815895
Takaungu,-3.6837,39.8566,76.6,92,100,9.6,KE,1666815895
Aklavik,68.2191,-135.0107,17.6,93,100,5.75,CA,1666815895
Huarmey,-10.0681,-78.1522,68.04,69,0,10.45,PE,1666815896
Semikarakorsk,47.5194,40.8112,49.03,80,100,15.03,RU,1666815897
Veinticinco de Mayo,-35.4323,-60.1727,71.98,57,52,8.01,AR,1666815897
Caucaia,-3.7361,-38.6531,82.35,74,0,10.36,BR,1666815897
Kikwit,-5.041,18.8162,70.45,93,100,1.66,CD,1666815958
Dwārka,22.2394,68.9678,79.39,69,0,8.61,IN,1666815958
Port Keats,-14.25,129.55,82.83,75,34,7.49,AU,1666815959
Keffi,8.8486,7.8736,77.61,68,20,2.15,NG,1666815959
Suntar,62.1444,117.6319,31.33,74,100,10.25,RU,1666815960
Bilma,18.6853,12.9164,75.27,19,0,5.79,NE,1666815960
Alquízar,22.8058,-82.5842,86.58,56,21,4.23,CU,1666815960
Kysyl-Syr,63.8986,122.7617,27.19,96,100,9.37,RU,1666815961
Comodoro Rivadavia,-45.8667,-67.5,69.66,17,0,29.93,AR,1666815961
Chui,-33.6971,-53.4616,65.01,94,100,9.33,UY,1666815936
Businga,3.3333,20.8833,73.4,93,64,0.45,CD,1666815962
Puerto Carreño,6.189,-67.4859,91.38,58,20,4.61,CO,1666815962
Norfolk,42.1668,-71.2495,69.4,97,100,3.44,US,1666815963
Vredendal,-31.6683,18.5012,62.53,61,0,6.62,ZA,1666815963
Bathsheba,13.2167,-59.5167,86.61,70,20,17.27,BB,1666815964
Altona,53.55,9.9333,58.06,92,20,6.91,DE,1666815964
Nuevo Progreso,23.1667,-97.95,81.54,56,6,8.12,MX,1666815965
Beisfjord,68.3751,17.5988,40.05,96,85,2.46,NO,1666815966
Dawei,14.0833,98.2,75.56,91,98,3.91,MM,1666815966
Alberdi,-32.8899,-60.6906,79.07,36,0,18.41,AR,1666815966
Hamada,34.8833,132.0833,55.27,68,100,4.74,JP,1666815918
Yerbogachën,61.2767,108.0108,25.45,83,97,7.54,RU,1666815967
Oneonta,42.4529,-75.0638,69.1,99,100,9.4,US,1666815870
Lüderitz,-26.6481,15.1594,60.57,82,0,8.77,NA,1666815968
Skibbereen,51.55,-9.2667,58.1,87,42,18.28,IE,1666815968
Ketchikan,55.3422,-131.6461,52.27,82,100,11.5,US,1666815968
Shizunai-furukawachō,42.3339,142.3669,44.26,69,0,4.07,JP,1666815822
Krasnyy Chikoy,50.3643,108.7512,19.65,49,25,3.6,RU,1666815969
Kasongo-Lunda,-6.4667,16.8167,71.4,97,100,1.97,CD,1666815970
Cerrito,6.8432,-72.694,57.4,94,97,2.62,CO,1666815970
Libreville,0.3925,9.4537,79.12,85,100,5.23,GA,1666815971
Golden,39.7555,-105.2211,59.2,39,75,11.5,US,1666815971
Sechura,-5.5569,-80.8222,74.8,60,28,14.94,PE,1666815972
Shahr-e Bābak,30.1165,55.1186,63.39,19,95,5.84,IR,1666815972
Ekibastuz,51.6667,75.3667,44.42,85,100,13.73,KZ,1666815974
Havelock,34.8791,-76.9013,76.96,77,75,13.8,US,1666815975
Logan,41.7355,-111.8344,43.2,77,100,4.61,US,1666815976
Tezu,27.9167,96.1667,66.22,91,20,3.33,IN,1666815976
Camacha,33.0833,-16.3333,69.22,78,75,6.91,PT,1666815977
Basco,20.4487,121.9702,79.84,66,100,23.24,PH,1666815978
Toamasina,-18.1667,49.3833,73.4,83,40,4.61,MG,1666815978
Flin Flon,54.7682,-101.865,35.44,60,40,11.5,CA,1666815979
Tandil,-37.3217,-59.1332,62.98,76,100,14.7,AR,1666815980
Shenjiamen,29.9576,122.298,64.6,90,100,10.25,CN,1666815981
Hirara,24.8,125.2833,76.77,65,67,13.42,JP,1666815981
Kutum,14.2,24.6667,71.94,22,8,7.07,SD,1666816042
Marawi,7.9986,124.2928,69.4,94,100,2.01,PH,1666816042
Chicla,-11.705,-76.2686,53.06,40,40,15.43,PE,1666816043
Atasū,48.6814,71.6433,37.58,55,83,26.13,KZ,1666816043
Portland,45.5234,-122.6762,56.77,83,75,7.0,US,1666815868
Mazagão,-0.115,-51.2894,89.65,62,100,5.19,BR,1666816044
Dingcheng,32.1272,115.0394,57.06,86,100,7.4,CN,1666816044
Nguru,12.8791,10.4526,81.72,20,1,9.31,NG,1666816045
Pritomskiy,53.7724,87.6082,31.8,65,100,4.0,RU,1666816046
Baturaja,-4.1333,104.1667,72.84,94,100,1.39,ID,1666816047
Turukhansk,65.8167,87.9833,-1.21,100,71,3.83,RU,1666816047
Nouadhibou,20.931,-17.0347,70.72,85,3,19.86,MR,1666816047
Bartica,6.4,-58.6167,86.32,96,100,3.22,GY,1666816048
La Ronge,55.1001,-105.2842,37.65,70,100,12.66,CA,1666816048
Yüksekova,37.5736,44.2872,46.15,81,75,2.3,TR,1666816049
Vrangel',42.7297,133.0839,53.01,89,100,6.78,RU,1666816049
Beira,-19.8436,34.8389,78.89,89,40,11.5,MZ,1666816049
Khasan,42.4308,130.6434,49.89,63,100,19.98,RU,1666816050
Tabas,33.5959,56.9244,69.57,37,0,5.3,IR,1666816050
Sheksna,59.21,38.5107,37.36,85,100,13.98,RU,1666816050
Mataquescuintla,14.5292,-90.1842,69.75,79,96,2.64,GT,1666816051
Ganzhou,28.8184,115.4327,61.0,77,98,6.71,CN,1666816051
Kuusamo,65.9667,29.1833,32.04,100,100,3.44,FI,1666816052
Kānke,23.4333,85.3167,69.82,68,0,0.0,IN,1666816052
San Andrés,12.5847,-81.7006,87.82,66,40,8.05,CO,1666816052
Pasni,25.2631,63.471,83.3,49,0,7.54,PK,1666816053
Richards Bay,-28.783,32.0377,68.18,79,56,4.25,ZA,1666816053
Malé,4.1748,73.5089,82.35,83,40,9.22,MV,1666816054
Enid,36.3956,-97.8784,68.16,34,0,13.8,US,1666815852
Qeshm,26.9581,56.2719,75.09,59,0,3.62,IR,1666816054
Conakry,9.538,-13.6773,82.24,83,2,8.37,GN,1666816054
Parrsboro,45.4001,-64.332,66.99,87,99,7.0,CA,1666816055
Taoudenni,22.6783,-3.9836,85.6,11,87,11.7,ML,1666816055
Rurrenabaque,-14.4413,-67.5278,93.09,62,75,6.91,BO,1666816055
Ust-Maya,60.4167,134.5333,7.07,100,85,2.86,RU,1666816056
Antalaha,-14.9003,50.2788,69.46,82,100,4.9,MG,1666816056
Laichingen,48.4894,9.6861,51.6,100,22,3.49,DE,1666816057
Lima,-12.0432,-77.0282,62.85,68,75,10.36,PE,1666815905
Mahon,39.8885,4.2658,70.36,94,20,4.61,ES,1666815846
Konakovo,56.7,36.7667,35.8,79,100,5.53,RU,1666816057
Sittwe,20.15,92.9,73.44,82,77,7.81,MM,1666816058
Kloulklubed,7.0419,134.2556,78.64,92,100,21.36,PW,1666816058
Roald,62.5833,6.1333,53.76,87,40,10.36,NO,1666816059
Rio Branco do Sul,-25.19,-49.3142,81.25,42,0,1.61,BR,1666816059
Luba,3.4568,8.5547,80.49,85,100,5.06,GQ,1666816059
Mount Isa,-20.7333,139.5,71.37,88,85,6.91,AU,1666816060
Pinawa,50.1489,-95.8811,38.79,53,98,4.85,CA,1666816060
Bud,39.447,-86.1758,55.89,67,0,14.27,US,1666816121
